# Synthetic English smoke corpus, CC0. Context (including trailing space), tab, expected word.
I would like a cup of 	coffee
Can you send me the 	address
What time does the meeting 	start
I will call you back 	later
Thank you for your 	help
See you tomorrow 	morning
Have a nice 	weekend
Please let me 	know
I am on my 	way
Happy birthday to 	you
The weather is really 	nice
Could you open the 	door
I forgot my phone at 	home
What would you like for 	dinner
I need to buy some 	milk
The train is running 	late
How was your 	day
That sounds like a good 	idea
I hope you feel 	better
Let us meet at the 	station
Please check your 	email
I cannot find my 	keys
Would you like some more 	water
Sorry, I missed your 	call
Can we talk about this 	tomorrow
I have a quick 	question
Turn left at the next 	street
I am looking forward to seeing 	you
The package has just 	arrived
Please save the 	file
