# Synthetic German smoke corpus, CC0. Context (including trailing space), tab, case-sensitive expected word.
Vielen Dank für deine 	Hilfe
Ich wünsche dir einen schönen 	Tag
Wir sehen uns morgen 	wieder
Kannst du mir bitte 	helfen
Ich freue mich auf das 	Wochenende
Das ist eine gute 	Idee
Ich habe heute keine 	Zeit
Wir treffen uns um acht 	Uhr
Ich hätte gerne eine Tasse 	Kaffee
Guten Morgen, wie geht es 	dir
Bitte schick mir eine 	Nachricht
Ich bin auf dem Weg nach 	Hause
Entschuldigung für die späte 	Antwort
Ich melde mich so bald wie 	möglich
Vielen Dank im 	Voraus
Das Wetter ist heute sehr 	schön
Ich muss noch einkaufen 	gehen
Wir haben das schon 	besprochen
Hast du morgen etwas 	Zeit
Ich freue mich auf unser 	Treffen
Das können wir später 	besprechen
Ich wünsche dir alles 	Gute
Die Straße führt direkt zum 	Bahnhof
Kannst du das Fenster bitte 	öffnen
Wir müssen eine Lösung 	finden
Ich wünsche dir einen guten 	Morgen
Bitte vergiss nicht den 	Schlüssel
Das ist eine große 	Überraschung
Wir fahren morgen mit dem 	Zug
Ich möchte einen Termin 	vereinbaren
