# Synthetic regression replay, Qwen3-0.6B-Base Q4_K_M, 2026-09-27. Tuning/diagnostic/regression sets guided fixes; final holdout did not.
split	language	text	expected	scored_top3	previous_pipeline_top3
tune	en	There are some example pred	predictions	predictions,predicates,predicate	old=[predicates, predictions, predictors]
tune	en	How do I tur	turn	turn,tour,tar	old=[turn, turbocharge, turbo]
tune	en	hiben	given	given	old=[hibenda, hibensis, hibend]
tune	en	I was hiven	given	given,haven,liven	old=[hivened, hivens, hivening]
tune	en	She wal	walks	walks,was,walked	old=[walked, walks, walk]
tune	en	They wal	walk	walk,walked,was	old=[walk, walked, wall]
tune	en	We have two cat	cats	categories,cats,car	old=[categories, cats, categorical]
tune	en	I have one cat	cat	category,cat,at	old=[category, catch, catalog]
tune	en	Please send thier	their	their,tier,Thiers	old=[thiers, thiere, thiero]
tune	de	Ich geh	gehe	gehe,geh,geht	old=[gehe, geht, gehen]
tune	de	Wir geh	gehen	gehen,gehören,gehörten	old=[gehen, gehören, geht]
tune	de	Er mach	macht	macht,machte,mach	old=[macht, machte, mache]
tune	de	Sie haben zwei Hund	Hunde	Hund,Hundert,Hunderte	old=[Hunde, Hunden, Hunderte]
tune	de	Ich habe einen Hund	Hund	Hund,Hundert,Hunderte	old=[Hunden, Hunde, Hundef]
tune	de	Vielen Dan	Dank	Dank,Danke,Dan	old=[Dank, Danke, Dan]
tune	de	Das ist wirklich schön	schön	schön,schönes,schöne	old=[schöner, schönes, schöne]
diagnostic	en	He wor	works	worked,works,wore	old=[worked, works, wore]
diagnostic	en	We wor	work	work,worked,worry	old=[work, worked, worry]
diagnostic	en	She can wor	work	work,worry,worship	old=[work, worry, worship]
diagnostic	en	Yesterday we play	played	played,play,pay	old=[played, playd, play]
diagnostic	en	The children are play	playing	playing,played,playful	old=[playing, playful, played]
diagnostic	en	I need three book	books	books,book,bookmarks	old=[books, bookmarks, booklets]
diagnostic	en	This is a good book	book	book,books,book's	old=[booklet, books, bookmark]
diagnostic	en	Please helpe	helper	helped,helps,helle	old=[helped, helpers, helpee]
diagnostic	en	I will be thre	there	the,three,there	old=[three, threatening, threating]
diagnostic	en	That sounds greta	great	great,Greta,Greta's	old=[gretable, gretan, Greta]
diagnostic	de	Du komm	kommst	kommst,kommt,kommen	old=[kommst, kommt, kommen]
diagnostic	de	Wir komm	kommen	kommen,Kommune,komme	old=[kommen, kommunizieren, kommt]
diagnostic	de	Er spiel	spielt	spielt,spielte,Spieler	old=[spielt, spielte, spiele]
diagnostic	de	Die Kinder spiel	spielen	spielen,spielten,spielt	old=[spielen, spielten, spielt]
diagnostic	de	Ich sehe zwei Katze	Katzen	Katzen,Katze,Katzenfutter	old=[Katzen, Katzenn, Katze]
diagnostic	de	Das ist eine Katze	Katze	Katze,Katzen,Katzer	old=[Katzen, Katzer, Katze]
diagnostic	de	Mit freundlichen Grü	Grüßen	Grüßen,Gründen,Grün	old=[Grüßen, Grüssen, GRU]
diagnostic	de	Ich möchte etwas ess	essen	essen,esse,Essig	old=[essen, esse, es]
diagnostic	de	Das ist richitg	richtig	richtig	old=[]
diagnostic	de	Ich bn	bin	bin,in,an	old=[bnutze, bnu, bnd]
regression	en	They can swim	swim	swim,swims,swimming	old=[swims, swimming, swim]
regression	en	He swim	swims	swims,swim,swimming	old=[swims, swimming, swimmers]
regression	en	I have three dog	dogs	dogs,dog,dog's	old=[dogs, doggies, dogwood]
regression	en	This is my dog	dog	dog,dog's,dogs	old=[dog's, dogs, dog]
regression	en	She is read	reading	reading,ready,readying	old=[ready, reading, readying]
regression	en	We will read	read	read,ready,lead	old=[ready, readily, read]
regression	en	I need a helpe	helper	helper,helper's,helps	old=[helper, helpee, helped]
regression	en	He was gievn	given	given	old=[gievne, gievning, gievng]
regression	en	Thank yuo	you	you,yo,Yuh	old=[yuou, yuos, yuour]
regression	en	The sun is shin	shining	shining,shinning,shine	old=[shining, shiny, shinning]
regression	de	Du mach	machst	machst,machen,mache	old=[machst, mache, machen]
regression	de	Wir mach	machen	machen,machten,mach	old=[machen, machten, machine]
regression	de	Ich lern	lerne	lernte,lerne,lernt	old=[lerne, lernte, lernt]
regression	de	Ihr lern	lernt	lernt,lernen,Lernziel	old=[lernen, lernt, lernst]
regression	de	Das sind zwei Bäum	Bäume	Bäume,Bäumen,Bäumchen	old=[Bäume, Bäumen, Baum]
regression	de	Das ist ein Bau	Baum	Baum,Bauen,Bauten	old=[Baum, Bauwerk, Bauer]
regression	de	Ich wünsche schöne Träu	Träume	Träumt,Träumen,Träumte	old=[Träume, Träumen, Trau]
regression	de	Vielen Dank für deine Hil	Hilfe	Hilfe,Hilf,hilfreiche	old=[Hilfe, Hilfestellung, Hilf]
regression	de	Ich habe es geshen	gesehen	gesehen,gehen,Gesten	old=[geshennt, geshenzt, geshenkt]
regression	de	Sie kann gut schwimm	schwimmen	schwimmen,schwimmende,schwimmenden	old=[schwimmer, schwimming, schwimmers]
# tune SUMMARY cases=16 top1=13 top3=15 baselineTop3=10 noPool=0 incomplete=2 oldP95=562.53 newP95=567.967575 lexicalP95=21.500163 coldOldP95=533.555 coldNewP95=511.65
# diagnostic SUMMARY cases=20 top1=17 top3=19 baselineTop3=14 noPool=0 incomplete=1 oldP95=578.426 newP95=547.434497 lexicalP95=7.825497 coldOldP95=504.811 coldNewP95=504.532
# regression SUMMARY cases=20 top1=18 top3=19 baselineTop3=16 noPool=0 incomplete=1 oldP95=555.847 newP95=549.8344999999999 lexicalP95=3.544521 coldOldP95=519.22 coldNewP95=504.42
holdout	en	Every day he driv	drives	drives,drive,driven	old=[drives, drive, driven]
holdout	en	They are driv	driving	driving,driven,drivers	old=[driven, driving, drivers]
holdout	en	We saw two bird	birds	birds,bird,birdhouses	old=[birds, bird's, bird]
holdout	en	One little bird	bird	bird,bird's,birds	old=[bird's, bird, bid]
holdout	en	I have alreayd	already	already	old=[alreaydy, alreayd']
holdout	en	I need your addres	address	address,addresses,addressing	old=[address, addresses, addresse]
holdout	en	Can you ope	open	open,operate,one	old=[open, operate, openly]
holdout	en	She is writ	writing	writing,written,write	old=[writing, written, writer]
holdout	en	Please follo	follow	follow,following,follows	old=[follow, following, follows]
holdout	en	We were talk	talking	talking,talk,talked	old=[talking, talked, talks]
holdout	de	Er trink	trinkt	trinken,trink,trinkt	old=[trinkt, trinkte, trinke]
holdout	de	Wir trink	trinken	trinken,trinke,trinkt	old=[trinken, trinke, trinkten]
holdout	de	Ich hab	habe	habe,hab,haben	old=[habe, haben, habs]
holdout	de	Die Kinder hab	haben	haben,ab,habe	old=[haben, habe, habten]
holdout	de	zwei kleine Häus	Häuser	Häuser,Häuschen,Häusern	old=[Häuser, Häuschen, Häuserchen]
holdout	de	Sie hat eine Frag	Frage	Frage,Fragen,Frau	old=[Frage, Fragen, Frag]
holdout	de	Ich habe dich verst	verstanden	verstanden,verständlich,erst	old=[verstanden, verstehen, Verständnis]
holdout	de	Das ist wichtgi	wichtig	wichtig	old=[]
holdout	de	Wir müssen wart	warten	warten,wartet,warte	old=[warten, warte, wart]
holdout	de	Ich wünsche gute Bess	Besserung	Besserung,Besserungen,Bessere	old=[Besser, Bessel, Besse]
# holdout SUMMARY cases=20 top1=19 top3=20 baselineTop3=17 noPool=0 incomplete=2 oldP95=565.16 newP95=561.5630349999999 lexicalP95=8.323915 coldOldP95=511.813 coldNewP95=504.071
